Time(ms),Sensor ID,Status,Pressure(psi)
884,0,-0.00069,0,-0.00008,0,0.00160,0,0.00099,0,-0.00069
887,0,0.00069,0,-0.00008,0,0.00023,0,-0.00038,0,-0.00069
911,0,0.00023,0,-0.00099,0,0.00069,0,0.00099,0,-0.00069
941,0,0.00023,0,-0.00008,0,0.00023,0,-0.00038,0,-0.00069
971,0,-0.00023,0,-0.00054,0,0.00069,0,0.00053,0,-0.00069
1001,0,0.00252,0,-0.00145,0,-0.00023,0,-0.00130,0,-0.00160
1033,0,0.00023,0,-0.00008,0,0.00023,0,-0.00038,0,-0.00115
1063,0,0.00069,0,-0.00054,0,0.00023,0,-0.00038,0,-0.00023
1094,0,0.00069,0,-0.00054,0,0.00069,0,-0.00038,0,-0.00023
1125,0,0.00069,0,-0.00054,0,0.00069,0,-0.00038,0,-0.00023
1156,0,-0.00023,0,-0.00099,0,0.00114,0,0.00007,0,-0.00023
1185,0,-0.00023,0,-0.00099,0,0.00023,0,-0.00038,0,-0.00069
1217,0,-0.00069,0,-0.00099,0,0.00069,0,0.00007,0,-0.00115
1248,0,-0.00069,0,-0.00054,0,0.00069,0,0.00007,0,-0.00023
1278,0,0.00023,0,-0.00054,0,0.00023,0,0.00007,0,-0.00023
1308,0,0.00023,0,-0.00008,0,0.00069,0,0.00007,0,-0.00023
1339,0,0.00023,0,-0.00099,0,0.00069,0,-0.00084,0,-0.00069
1370,0,-0.00023,0,-0.00145,0,0.00114,0,-0.00084,0,-0.00069
1400,0,-0.00069,0,-0.00145,0,0.00023,0,-0.00084,0,-0.00069
1432,0,-0.00023,0,-0.00008,0,0.00023,0,0.00007,0,-0.00069
1463,0,-0.00023,0,-0.00008,0,0.00069,0,-0.00038,0,-0.00069
1494,0,-0.00023,0,0.00038,0,0.00069,0,0.00007,0,-0.00115
1524,0,0.00023,0,-0.00008,0,0.00114,0,-0.00084,0,-0.00115
1555,0,0.00069,0,-0.00099,0,0.00069,0,-0.00084,0,-0.00069
1585,0,-0.00069,0,-0.00099,0,-0.00023,0,-0.00084,0,-0.00023
1616,0,-0.00023,0,-0.00054,0,-0.00023,0,-0.00038,0,-0.00023
1648,0,0.00023,0,-0.00054,0,0.00023,0,-0.00038,0,-0.00115
1679,0,-0.00023,0,0.00038,0,0.00023,0,-0.00038,0,-0.00115
1710,0,-0.00023,0,-0.00054,0,0.00023,0,0.00007,0,-0.00115
1740,0,0.00023,0,-0.00054,0,0.00023,0,-0.00084,0,-0.00069
1771,0,0.00023,0,-0.00099,0,0.00069,0,-0.00084,0,-0.00069
1802,0,0.00023,0,-0.00054,0,0.00023,0,0.00007,0,-0.00069
1832,0,0.00023,0,-0.00054,0,0.00023,0,0.00007,0,-0.00069
1862,0,0.00023,0,-0.00008,0,0.00023,0,-0.00038,0,-0.00023
1893,0,0.00069,0,-0.00008,0,0.00023,0,-0.00084,0,-0.00069
1924,0,0.00069,0,-0.00008,0,0.00023,0,-0.00038,0,-0.00023
1954,0,0.00069,0,-0.00099,0,0.00023,0,-0.00084,0,-0.00023
1985,0,0.00023,0,-0.00054,0,0.00023,0,-0.00084,0,0.00023
2015,0,0.00023,0,-0.00054,0,0.00023,0,0.00007,0,0.00023
2044,0,0.00023,0,-0.00054,0,-0.00023,0,0.00007,0,-0.00115
2075,0,0.00023,0,-0.00054,0,0.00069,0,0.00053,0,-0.00069
2106,0,0.00023,0,-0.00054,0,0.00114,0,-0.00084,0,-0.00069
2137,0,0.00069,0,-0.00054,0,0.00114,0,-0.00084,0,-0.00069
2167,0,0.00069,0,-0.00054,0,0.00023,0,-0.00038,0,-0.00069
2198,0,0.00023,0,-0.00054,0,0.00023,0,0.00053,0,-0.00069
2228,0,-0.00023,0,-0.00054,0,-0.00023,0,0.00007,0,-0.00069
2259,0,-0.00023,0,-0.00008,0,0.00069,0,-0.00038,0,-0.00160
2290,0,0.00069,0,-0.00008,0,0.00069,0,-0.00038,0,-0.00115
2321,0,0.00069,0,0.00038,0,0.00069,0,-0.00038,0,-0.00069
2351,0,0.00023,0,-0.00099,0,0.00069,0,-0.00038,0,-0.00023
2381,0,0.00069,0,-0.00054,0,-0.00023,0,0.00007,0,-0.00023
2412,0,0.00023,0,-0.00099,0,0.00023,0,-0.00038,0,-0.00069
2443,0,0.00023,0,-0.00054,0,0.00023,0,-0.00038,0,-0.00115
2473,0,0.00023,0,0.00038,0,0.00069,0,0.00007,0,-0.00069
2503,0,0.00069,0,-0.00008,0,0.00114,0,0.00053,0,-0.00115
2534,0,0.00023,0,-0.00008,0,0.00069,0,0.00053,0,-0.00069
2564,0,0.00069,0,-0.00054,0,-0.00023,0,0.00053,0,0.00023
2594,0,0.00023,0,-0.00054,0,0.00023,0,0.00007,0,-0.00023
2624,0,0.00023,0,-0.00054,0,0.00023,0,-0.00038,0,-0.00023
2655,0,-0.00023,0,-0.00054,0,0.00114,0,0.00007,0,-0.00069
2685,0,-0.00023,0,-0.00008,0,0.00069,0,0.00053,0,-0.00069
2716,0,0.00023,0,-0.00054,0,0.00114,0,0.00053,0,-0.00115
2746,0,-0.00023,0,-0.00054,0,0.00114,0,0.00007,0,-0.00023
2777,0,0.00023,0,-0.00008,0,0.00023,0,-0.00084,0,0.00023
2807,0,-0.00023,0,-0.00099,0,0.00023,0,-0.00084,0,-0.00023
2838,0,-0.00023,0,-0.00054,0,0.00069,0,-0.00038,0,-0.00069
2870,0,-0.00023,0,-0.00008,0,0.00069,0,0.00053,0,-0.00069
2900,0,0.00069,0,-0.00008,0,0.00114,0,0.00053,0,-0.00115
2930,0,0.00069,0,-0.00054,0,0.00069,0,0.00053,0,-0.00069
2961,0,0.00069,0,-0.00145,0,0.00023,0,-0.00038,0,-0.00023
2992,0,0.00069,0,-0.00145,0,0.00069,0,-0.00038,0,-0.00069
3022,0,0.00023,0,-0.00099,0,0.00023,0,-0.00084,0,0.00023
3052,0,0.00023,0,-0.00054,0,0.00023,0,0.00099,0,-0.00069
3082,0,0.00069,0,-0.00008,0,0.00023,0,0.00007,0,-0.00069
3112,0,0.00069,0,-0.00008,0,0.00069,0,0.00007,0,-0.00023
3142,0,0.00069,0,-0.00008,0,0.00023,0,0.00053,0,-0.00115
3173,0,0.00023,0,-0.00099,0,0.00023,0,-0.00084,0,-0.00069
3204,0,0.00023,0,-0.00099,0,0.00023,0,-0.00084,0,-0.00069
3234,0,-0.00023,0,-0.00099,0,0.00069,0,-0.00130,0,-0.00069
3265,0,0.00023,0,-0.00099,0,0.00114,0,0.00007,0,-0.00115
3296,0,-0.00023,0,-0.00054,0,0.00069,0,0.00007,0,-0.00069
3326,0,-0.00069,0,-0.00008,0,0.00114,0,0.00007,0,-0.00115
3357,0,-0.00069,0,-0.00054,0,0.00069,0,-0.00038,0,0.00023
3388,0,-0.00069,0,-0.00145,0,0.00069,0,-0.00038,0,0.00023
3419,0,0.00023,0,-0.00099,0,0.00023,0,-0.00038,0,-0.00023
3448,0,-0.00023,0,-0.00145,0,0.00023,0,0.00007,0,-0.00115
3479,0,-0.00023,0,-0.00054,0,0.00069,0,-0.00038,0,-0.00115
3511,0,0.00023,0,-0.00054,0,0.00069,0,0.00007,0,-0.00115
3540,0,0.00114,0,-0.00054,0,0.00069,0,-0.00038,0,-0.00023
3571,0,0.00069,0,-0.00008,0,0.00069,0,-0.00038,0,-0.00023
3602,0,0.00023,0,-0.00145,0,0.00023,0,-0.00038,0,-0.00023
3633,0,-0.00023,0,-0.00145,0,0.00069,0,0.00007,0,-0.00069
3663,0,-0.00023,0,-0.00099,0,0.00069,0,0.00007,0,-0.00115
3694,0,-0.00023,0,-0.00008,0,0.00114,0,0.00053,0,-0.00115
3725,0,0.00069,0,0.00038,0,0.00114,0,0.00007,0,-0.00069
3755,0,0.00023,0,0.00038,0,0.00023,0,0.00007,0,-0.00069
3784,0,0.00069,0,-0.00099,0,-0.00023,0,0.00007,0,-0.00069
3815,0,0.00114,0,-0.00099,0,0.00069,0,0.00007,0,0.00023
3845,0,0.00023,0,-0.00099,0,0.00114,0,0.00099,0,-0.00069
3874,0,-0.00023,0,-0.00099,0,0.00114,0,0.00053,0,-0.00069
3905,0,-0.00023,0,-0.00008,0,0.00069,0,0.00053,0,-0.00023
3936,0,0.00069,0,0.00038,0,0.00069,0,-0.00038,0,-0.00023
3966,0,0.00023,0,-0.00008,0,0.00114,0,-0.00038,0,-0.00023
3997,0,0.00069,0,-0.00099,0,0.00114,0,-0.00084,0,-0.00069
4028,0,0.00114,0,-0.00099,0,-0.00069,0,0.00007,0,-0.00023
4059,0,-0.00023,0,-0.00145,0,-0.00023,0,0.00007,0,-0.00115
4089,0,0.00023,0,-0.00008,0,-0.00069,0,0.00053,0,-0.00069
4120,0,-0.00023,0,-0.00054,0,-0.00023,0,-0.00038,0,-0.00115
4152,0,0.00069,0,-0.00054,0,0.00069,0,-0.00084,0,0.00023
4182,0,0.00114,0,-0.00008,0,0.00069,0,-0.00084,0,-0.00023
4212,0,0.00069,0,-0.00099,0,0.00114,0,-0.00038,0,-0.00023
4243,0,-0.00023,0,-0.00099,0,0.00069,0,0.00007,0,-0.00069
4274,0,-0.00069,0,-0.00145,0,0.00069,0,-0.00038,0,-0.00069
4305,0,-0.00023,0,-0.00054,0,0.00069,0,-0.00038,0,-0.00115
4336,0,-0.00069,0,-0.00008,0,0.00069,0,-0.00084,0,-0.00023
4368,0,0.00023,0,-0.00054,0,0.00069,0,-0.00084,0,-0.00023
4399,0,0.00023,0,-0.00054,0,0.00114,0,-0.00038,0,-0.00069
4429,0,0.00023,0,-0.00054,0,-0.00023,0,0.00007,0,-0.00115
4460,0,-0.00023,0,-0.00054,0,-0.00023,0,0.00007,0,-0.00069
4491,0,-0.00023,0,-0.00054,0,-0.00023,0,-0.00038,0,-0.00069
4523,0,-0.00023,0,-0.00054,0,0.00069,0,0.00007,0,-0.00069
4553,0,0.00114,0,-0.00008,0,0.00114,0,-0.00038,0,-0.00023
4584,0,0.00069,0,-0.00054,0,0.00114,0,-0.00038,0,-0.00069
4615,0,0.00114,0,-0.00099,0,-0.00023,0,0.00007,0,0.00023
4644,0,0.00069,0,-0.00099,0,0.00023,0,-0.00038,0,-0.00115
4675,0,0.00069,0,-0.00099,0,-0.00023,0,0.00007,0,-0.00115
4706,0,0.00069,0,-0.00008,0,0.00023,0,-0.00038,0,-0.00115
4737,0,0.00023,0,-0.00008,0,0.00114,0,-0.00130,0,-0.00069
4767,0,0.00069,0,-0.00008,0,0.00023,0,-0.00130,0,-0.00069
4798,0,0.00023,0,-0.00054,0,0.00069,0,0.00007,0,-0.00069
4829,0,0.00069,0,-0.00099,0,0.00069,0,0.00007,0,-0.00115
4858,0,0.00023,0,-0.00099,0,0.00114,0,0.00007,0,-0.00115
4889,0,0.00023,0,-0.00145,0,0.00069,0,-0.00038,0,-0.00115
4920,0,-0.00023,0,-0.00008,0,0.00023,0,-0.00038,0,-0.00069
4951,0,-0.00023,0,-0.00008,0,-0.00023,0,0.00007,0,-0.00023
4982,0,0.00023,0,-0.00054,0,0.00023,0,0.00007,0,-0.00023
5012,0,0.00023,0,-0.00099,0,0.00023,0,-0.00038,0,-0.00023
5043,0,0.00023,0,-0.00145,0,-0.00023,0,-0.00084,0,-0.00115
5073,0,-0.00023,0,-0.00145,0,0.00023,0,-0.00038,0,-0.00069
5105,0,-0.00023,0,-0.00145,0,0.00069,0,-0.00084,0,-0.00069
5136,0,-0.00023,0,-0.00008,0,0.00114,0,-0.00038,0,-0.00023
5168,0,-0.00023,0,-0.00008,0,0.00069,0,-0.00038,0,-0.00023
5198,0,0.00023,0,-0.00054,0,0.00160,0,-0.00038,0,-0.00023
5229,0,0.00023,0,-0.00099,0,0.00069,0,-0.00038,0,-0.00069
5260,0,0.00023,0,-0.00054,0,0.00023,0,0.00007,0,-0.00069
5291,0,-0.00023,0,-0.00054,0,0.00023,0,-0.00084,0,-0.00069
5321,0,-0.00023,0,-0.00008,0,0.00023,0,-0.00084,0,-0.00069
5353,0,-0.00023,0,-0.00008,0,0.00023,0,-0.00084,0,-0.00023
5384,0,0.00114,0,-0.00054,0,0.00069,0,-0.00038,0,-0.00023
5414,0,0.00069,0,-0.00054,0,0.00023,0,0.00007,0,-0.00023
5444,0,0.00069,0,-0.00054,0,0.00023,0,0.00007,0,-0.00115
5475,0,0.00023,0,-0.00054,0,0.00023,0,-0.00038,0,-0.00115
5506,0,0.00023,0,-0.00054,0,0.00069,0,-0.00038,0,-0.00069
5536,0,0.00023,0,-0.00008,0,0.00069,0,-0.00038,0,-0.00023
5567,0,-0.00023,0,-0.00008,0,0.00023,0,0.00053,0,-0.00023
5598,0,0.00023,0,-0.00008,0,0.00023,0,0.00007,0,-0.00023
5627,0,0.00069,0,-0.00054,0,-0.00023,0,0.00007,0,-0.00115
5658,0,0.00069,0,-0.00099,0,-0.00023,0,0.00007,0,-0.00115
5689,0,-0.00023,0,-0.00145,0,0.00023,0,-0.00038,0,-0.00069
5721,0,0.00023,0,-0.00099,0,0.00114,0,-0.00084,0,-0.00069
5751,0,0.00023,0,0.00038,0,0.00114,0,-0.00084,0,-0.00023
5781,0,0.00023,0,0.00038,0,0.00114,0,0.00053,0,-0.00023
5811,0,0.00023,0,0.00038,0,0.00023,0,0.00053,0,-0.00023
5840,0,0.00023,0,-0.00054,0,-0.00023,0,0.00007,0,-0.00115
5871,0,0.00023,0,-0.00054,0,0.00023,0,0.00007,0,-0.00115
5901,0,0.00023,0,-0.00054,0,0.00069,0,-0.00038,0,-0.00069
5932,0,-0.00023,0,-0.00054,0,0.00069,0,-0.00038,0,-0.00023
5963,0,-0.00023,0,-0.00054,0,0.00160,0,-0.00038,0,-0.00023
5994,0,0.00069,0,-0.00054,0,0.00023,0,-0.00038,0,-0.00023
6025,0,0.00069,0,-0.00008,0,0.00069,0,-0.00084,0,-0.00069
6055,0,0.00069,0,-0.00099,0,0.00023,0,0.00007,0,-0.00160
6086,0,0.00069,0,-0.00099,0,0.00114,0,0.00053,0,-0.00115
6116,0,0.00023,0,-0.00099,0,0.00023,0,0.00053,0,-0.00069
6147,0,-0.00023,0,-0.00008,0,0.00160,0,-0.00084,0,-0.00069
6177,0,-0.00023,0,-0.00054,0,0.00069,0,-0.00084,0,-0.00069
6208,0,0.00069,0,-0.00008,0,-0.00069,0,-0.00084,0,-0.00069
6240,0,-0.00023,0,-0.00054,0,0.00023,0,0.00007,0,-0.00115
6270,0,-0.00023,0,-0.00054,0,-0.00023,0,0.00007,0,-0.00069
6301,0,-0.00023,0,-0.00099,0,0.00023,0,0.00007,0,-0.00069
6332,0,-0.00023,0,-0.00099,0,0.00069,0,0.00053,0,-0.00023
6363,0,-0.00023,0,-0.00008,0,0.00160,0,-0.00084,0,-0.00069
6394,0,0.00023,0,-0.00008,0,0.00023,0,-0.00084,0,-0.00023
6425,0,0.00023,0,0.00038,0,-0.00023,0,-0.00084,0,-0.00023
6456,0,0.00023,0,-0.00099,0,0.00023,0,0.00007,0,-0.00069
6486,0,0.00114,0,-0.00099,0,0.00069,0,0.00007,0,-0.00023
6516,0,-0.00023,0,-0.00099,0,0.00069,0,0.00007,0,-0.00069
6547,0,0.00023,0,0.00038,0,0.00069,0,-0.00084,0,-0.00069
6577,0,0.00023,0,0.00038,0,0.00114,0,-0.00084,0,-0.00069
6606,0,-0.00023,0,0.00038,0,0.00023,0,-0.00084,0,-0.00115
6637,0,-0.00023,0,-0.00008,0,0.00023,0,0.00007,0,-0.00023
6668,0,-0.00023,0,-0.00099,0,0.00023,0,0.00007,0,-0.00023
6699,0,-0.00023,0,-0.00054,0,-0.00023,0,0.00007,0,-0.00069
6730,0,0.00069,0,-0.00054,0,0.00023,0,-0.00084,0,-0.00069
6761,0,0.00069,0,0.00038,0,0.00023,0,0.00007,0,-0.00069
6791,0,0.00069,0,-0.00008,0,0.00069,0,-0.00038,0,-0.00115
6821,0,-0.00069,0,-0.00008,0,0.00069,0,0.00007,0,-0.00069
6852,0,-0.00023,0,-0.00054,0,0.00114,0,0.00053,0,-0.00115
6883,0,-0.00023,0,-0.00054,0,0.00023,0,0.00007,0,-0.00069
6914,0,-0.00023,0,-0.00054,0,0.00023,0,0.00007,0,-0.00069
6943,0,0.00023,0,-0.00054,0,0.00023,0,-0.00038,0,-0.00023
6974,0,0.00023,0,-0.00008,0,0.00114,0,-0.00084,0,-0.00023
7005,0,0.00023,0,-0.00008,0,0.00114,0,0.00007,0,-0.00023
7035,0,-0.00069,0,-0.00008,0,0.00069,0,0.00007,0,-0.00069
7066,0,-0.00023,0,-0.00099,0,0.00114,0,0.00053,0,-0.00069
7097,0,-0.00023,0,-0.00099,0,0.00069,0,0.00099,0,-0.00069
7128,0,0.00069,0,-0.00099,0,0.00069,0,-0.00038,0,-0.00115
7158,0,0.00069,0,-0.00054,0,0.00114,0,0.00007,0,-0.00069
7188,0,0.00023,0,-0.00054,0,0.00023,0,-0.00038,0,-0.00069
7219,0,0.00069,0,-0.00008,0,0.00023,0,-0.00084,0,-0.00069
7249,0,-0.00069,0,-0.00008,0,0.00023,0,0.00053,0,-0.00069
7280,0,-0.00069,0,-0.00099,0,0.00023,0,0.00007,0,-0.00069
7311,0,-0.00023,0,-0.00099,0,0.00023,0,-0.00084,0,-0.00069
7342,0,0.00069,0,-0.00099,0,0.00069,0,-0.00038,0,-0.00069
7372,0,0.00023,0,0.00038,0,-0.00023,0,-0.00038,0,-0.00069
7403,0,-0.00023,0,-0.00008,0,0.00023,0,0.00007,0,-0.00069
7434,0,-0.00023,0,-0.00008,0,-0.00069,0,0.00007,0,0.00023
7464,0,-0.00023,0,-0.00054,0,0.00069,0,0.00007,0,-0.00023
7495,0,-0.00023,0,-0.00054,0,0.00069,0,-0.00038,0,0.00023
7526,0,0.00023,0,-0.00054,0,0.00069,0,-0.00084,0,-0.00023
7557,0,-0.00023,0,-0.00054,0,0.00069,0,-0.00084,0,-0.00069
7588,0,-0.00023,0,-0.00008,0,-0.00023,0,-0.00084,0,-0.00023
7620,0,-0.00023,0,-0.00054,0,0.00023,0,0.00053,0,0.00023
7650,0,0.00023,0,-0.00008,0,0.00023,0,0.00007,0,0.00023
7680,0,0.00023,0,-0.00099,0,-0.00023,0,0.00007,0,0.00023
7709,0,-0.00023,0,-0.00054,0,0.00023,0,-0.00084,0,0.00053
7740,0,0.00023,0,-0.00054,0,0.00069,0,-0.00038,0,-0.00023
7771,0,-0.00023,0,-0.00054,0,0.00023,0,-0.00038,0,-0.00115
7802,0,0.00023,0,-0.00099,0,0.00023,0,0.00053,0,-0.00115
7832,0,-0.00023,0,-0.00099,0,0.00023,0,0.00007,0,-0.00023
7863,0,-0.00023,0,-0.00054,0,0.00023,0,-0.00038,0,-0.00023
7895,0,-0.00023,0,-0.00099,0,0.00023,0,-0.00130,0,-0.00069
7925,0,0.00023,0,-0.00099,0,0.00023,0,-0.00130,0,-0.00115
7956,0,0.00114,0,-0.00099,0,0.00023,0,-0.00130,0,-0.00160
7987,0,0.00069,0,-0.00008,0,0.00069,0,-0.00038,0,-0.00115
8017,0,0.00069,0,-0.00054,0,0.00023,0,0.00007,0,-0.00069
8048,0,-0.00023,0,-0.00008,0,0.00069,0,0.00007,0,-0.00069
8079,0,-0.00023,0,-0.00099,0,0.00069,0,-0.00038,0,-0.00023
8110,0,-0.00023,0,-0.00145,0,0.00069,0,-0.00130,0,-0.00069
8140,0,0.00023,0,-0.00099,0,0.00069,0,-0.00084,0,-0.00069
8171,0,0.00023,0,-0.00099,0,0.00023,0,-0.00084,0,-0.00069
8202,0,0.00023,0,-0.00054,0,0.00023,0,0.00053,0,-0.00069
8232,0,0.00023,0,-0.00008,0,-0.00023,0,0.00053,0,-0.00023
8263,0,-0.00023,0,-0.00008,0,0.00069,0,0.00053,0,-0.00069
8294,0,0.00023,0,-0.00008,0,0.00069,0,-0.00038,0,-0.00069
8325,0,-0.00023,0,-0.00054,0,0.00114,0,-0.00038,0,-0.00115
8355,0,0.00023,0,-0.00054,0,0.00023,0,-0.00038,0,-0.00069
8386,0,-0.00023,0,-0.00054,0,-0.00023,0,0.00007,0,-0.00115
8418,0,0.00023,0,-0.00054,0,0.00023,0,0.00007,0,-0.00069
8448,0,0.00023,0,-0.00054,0,0.00114,0,0.00007,0,-0.00069
8478,0,0.00023,0,-0.00008,0,0.00069,0,-0.00084,0,-0.00069
8508,0,-0.00023,0,-0.00099,0,0.00023,0,-0.00084,0,-0.00069
8540,0,0.00023,0,-0.00099,0,0.00069,0,-0.00038,0,-0.00115
8570,0,-0.00023,0,-0.00099,0,0.00114,0,0.00007,0,-0.00115
8601,0,0.00023,0,-0.00145,0,0.00114,0,-0.00038,0,-0.00069
8632,0,-0.00023,0,-0.00054,0,0.00114,0,-0.00038,0,-0.00023
8663,0,0.00023,0,-0.00099,0,0.00023,0,0.00007,0,0.00023
8692,0,0.00023,0,-0.00099,0,0.00023,0,-0.00084,0,0.00023
8723,0,0.00023,0,-0.00054,0,0.00023,0,-0.00038,0,-0.00069
8754,0,0.00023,0,-0.00008,0,0.00069,0,0.00053,0,-0.00115
8783,0,-0.00023,0,-0.00008,0,0.00069,0,0.00053,0,-0.00115
8814,0,0.00023,0,-0.00054,0,0.00114,0,0.00053,0,-0.00023
8845,0,-0.00023,0,-0.00008,0,-0.00023,0,0.00053,0,-0.00023
8876,0,0.00069,0,-0.00008,0,-0.00023,0,-0.00038,0,-0.00023
8906,0,0.00069,0,-0.00099,0,-0.00023,0,-0.00038,0,-0.00023
8938,0,0.00023,0,-0.00099,0,0.00114,0,0.00007,0,-0.00115
8968,0,-0.00023,0,-0.00099,0,0.00114,0,0.00053,0,-0.00069
8998,0,0.00023,0,-0.00099,0,0.00069,0,0.00053,0,-0.00069
9029,0,-0.00023,0,-0.00054,0,0.00069,0,0.00053,0,-0.00023
9060,0,-0.00023,0,-0.00008,0,-0.00023,0,-0.00130,0,-0.00023
9092,0,0.00023,0,-0.00054,0,-0.00023,0,-0.00038,0,0.00023
9122,0,-0.00023,0,-0.00099,0,-0.00023,0,-0.00038,0,-0.00069
9154,0,-0.00023,0,-0.00054,0,0.00114,0,0.00053,0,-0.00069
9185,0,0.00023,0,-0.00099,0,0.00069,0,0.00007,0,-0.00115
9214,0,-0.00023,0,-0.00008,0,0.00069,0,0.00007,0,-0.00069
9245,0,0.00023,0,-0.00054,0,0.00023,0,-0.00038,0,-0.00023
9276,0,-0.00023,0,-0.00054,0,0.00069,0,0.00007,0,-0.00069
9307,0,-0.00023,0,-0.00099,0,0.00023,0,-0.00038,0,-0.00069
9337,0,0.00023,0,-0.00099,0,0.00160,0,0.00007,0,-0.00069
9368,0,-0.00023,0,-0.00054,0,0.00069,0,0.00007,0,-0.00023
9399,0,0.00069,0,-0.00099,0,0.00114,0,0.00007,0,-0.00023
9428,0,0.00023,0,-0.00008,0,0.00023,0,-0.00084,0,-0.00023
9459,0,0.00069,0,-0.00054,0,0.00023,0,-0.00038,0,0.00023
9490,0,-0.00069,0,-0.00054,0,-0.00023,0,-0.00084,0,-0.00023
9522,0,-0.00069,0,-0.00008,0,-0.00023,0,-0.00084,0,-0.00115
9553,0,-0.00023,0,-0.00054,0,0.00069,0,0.00053,0,-0.00115
9584,0,-0.00069,0,-0.00054,0,0.00069,0,0.00053,0,-0.00069
9615,0,0.00069,0,-0.00054,0,0.00114,0,0.00007,0,0.00023
9645,0,0.00023,0,-0.00054,0,0.00023,0,-0.00084,0,-0.00023
9675,0,0.00069,0,-0.00008,0,0.00023,0,-0.00084,0,-0.00023
9705,0,0.00023,0,-0.00054,0,0.00023,0,-0.00084,0,-0.00069
9736,0,-0.00023,0,-0.00099,0,0.00069,0,0.00053,0,-0.00023
9766,0,-0.00023,0,-0.00054,0,0.00114,0,0.00099,0,-0.00069
9797,0,0.00069,0,-0.00145,0,0.00069,0,0.00053,0,-0.00023
9828,0,0.00023,0,-0.00054,0,0.00023,0,-0.00038,0,-0.00115
9859,0,0.00069,0,-0.00008,0,-0.00023,0,-0.00038,0,-0.00069
9889,0,0.00023,0,-0.00008,0,0.00023,0,-0.00038,0,-0.00069
9920,0,-0.00023,0,-0.00099,0,0.00069,0,0.00007,0,-0.00069
9951,0,0.00023,0,-0.00099,0,0.00114,0,-0.00038,0,-0.00069
9981,0,-0.00023,0,-0.00099,0,0.00069,0,0.00053,0,-0.00069
10012,0,0.00023,0,-0.00099,0,0.00069,0,-0.00084,0,-0.00115
10044,0,0.00023,0,-0.00008,0,0.00023,0,-0.00038,0,-0.00115
10075,0,0.00023,0,-0.00008,0,0.00023,0,-0.00084,0,-0.00069
10105,0,0.00023,0,-0.00054,0,0.00023,0,0.00007,0,-0.00115
10136,0,-0.00023,0,-0.00099,0,0.00069,0,0.00007,0,0.00023
10167,0,-0.00023,0,-0.00054,0,0.00069,0,0.00007,0,0.00053
10198,0,-0.00023,0,-0.00099,0,0.00069,0,0.00053,0,0.00023
10228,0,0.00069,0,-0.00008,0,0.00023,0,-0.00038,0,-0.00069
10260,0,0.00069,0,-0.00008,0,0.00023,0,-0.00084,0,-0.00069
10291,0,0.00069,0,-0.00008,0,0.00023,0,-0.00038,0,-0.00069
10322,0,-0.00023,0,-0.00008,0,0.00069,0,0.00007,0,-0.00023
10353,0,-0.00023,0,-0.00054,0,0.00114,0,0.00007,0,-0.00069
10385,0,0.00023,0,-0.00054,0,0.00069,0,0.00007,0,-0.00023
10416,0,0.00069,0,-0.00099,0,0.00023,0,-0.00084,0,-0.00023
10446,0,0.00023,0,-0.00008,0,0.00023,0,-0.00038,0,-0.00069
10478,0,0.00023,0,-0.00008,0,0.00069,0,-0.00130,0,-0.00023
10509,0,0.00023,0,-0.00054,0,0.00069,0,0.00007,0,-0.00069
10540,0,0.00023,0,-0.00054,0,0.00069,0,0.00053,0,-0.00069
10570,0,0.00023,0,-0.00054,0,0.00069,0,0.00053,0,-0.00069
10601,0,0.00023,0,-0.00054,0,0.00069,0,-0.00084,0,-0.00069
10632,0,0.00069,0,-0.00054,0,0.00069,0,-0.00084,0,-0.00115
10663,0,0.00023,0,-0.00054,0,0.00114,0,-0.00084,0,-0.00069
10694,0,0.00069,0,-0.00054,0,0.00069,0,0.00007,0,-0.00115
10725,0,0.00023,0,-0.00054,0,0.00023,0,0.00053,0,-0.00069
10756,0,-0.00023,0,-0.00054,0,0.00114,0,0.00007,0,-0.00069
10787,0,0.00023,0,-0.00054,0,0.00023,0,-0.00084,0,0.00023
10818,0,-0.00023,0,-0.00054,0,-0.00023,0,-0.00038,0,-0.00115
10850,0,0.00023,0,-0.00054,0,-0.00023,0,-0.00038,0,-0.00115
10882,0,0.00069,0,-0.00054,0,-0.00023,0,0.00053,0,-0.00115
10913,0,0.00023,0,-0.00054,0,0.00069,0,0.00053,0,0.00023
10943,0,-0.00023,0,-0.00054,0,0.00069,0,0.00053,0,-0.00023
10975,0,-0.00023,0,-0.00099,0,0.00069,0,0.00007,0,-0.00023
11005,0,-0.00023,0,-0.00099,0,0.00023,0,-0.00038,0,-0.00115
11037,0,0.00023,0,-0.00054,0,-0.00023,0,0.00007,0,-0.00115
11068,0,-0.00023,0,-0.00008,0,0.00023,0,-0.00038,0,-0.00069
11100,0,-0.00023,0,-0.00008,0,0.00023,0,0.00053,0,-0.00069
11131,0,0.00069,0,-0.00008,0,0.00023,0,0.00053,0,-0.00023
11162,0,0.00023,0,-0.00145,0,0.00069,0,0.00007,0,-0.00069
11193,0,0.00023,0,-0.00145,0,0.00069,0,-0.00084,0,-0.00023
11224,0,0.00023,0,-0.00145,0,0.00069,0,-0.00084,0,-0.00069
11255,0,-0.00023,0,-0.00054,0,0.00023,0,-0.00038,0,-0.00069
11287,0,0.00023,0,-0.00054,0,0.00069,0,0.00053,0,-0.00115
11318,0,-0.00023,0,-0.00008,0,0.00114,0,0.00053,0,-0.00023
11348,0,0.00023,0,-0.00054,0,0.00069,0,0.00053,0,-0.00023
11379,0,0.00023,0,-0.00099,0,0.00069,0,-0.00038,0,-0.00023
11411,0,-0.00023,0,-0.00145,0,0.00023,0,0.00007,0,-0.00023
11442,0,0.00023,0,-0.00099,0,0.00023,0,-0.00038,0,-0.00069
11473,0,-0.00023,0,-0.00099,0,0.00023,0,0.00007,0,-0.00069
11504,0,0.00023,0,-0.00008,0,0.00069,0,0.00007,0,-0.00023
11535,0,0.00023,0,-0.00099,0,-0.00023,0,0.00007,0,-0.00023
11566,0,-0.00023,0,-0.00054,0,0.00069,0,-0.00038,0,-0.00023
11597,0,0.00023,0,-0.00054,0,0.00023,0,-0.00038,0,-0.00023
11629,0,0.00023,0,-0.00054,0,0.00023,0,-0.00038,0,-0.00115
11660,0,0.00023,0,-0.00054,0,0.00023,0,0.00053,0,-0.00069
11691,0,0.00023,0,-0.00008,0,0.00114,0,0.00053,0,-0.00115
11721,0,-0.00023,0,-0.00008,0,0.00069,0,0.00053,0,-0.00069
11753,0,0.00023,0,0.00038,0,0.00069,0,-0.00084,0,0.00023
11783,0,-0.00023,0,-0.00099,0,0.00114,0,-0.00038,0,-0.00023
11814,0,0.00023,0,-0.00099,0,0.00023,0,-0.00038,0,-0.00069
11846,0,-0.00023,0,-0.00099,0,0.00023,0,0.00007,0,-0.00023
11877,0,0.00023,0,-0.00054,0,0.00023,0,0.00007,0,-0.00069
11908,0,0.00069,0,-0.00008,0,0.00069,0,0.00007,0,-0.00023
11938,0,0.00069,0,-0.00054,0,0.00114,0,0.00007,0,-0.00069
11969,0,-0.00023,0,-0.00099,0,0.00069,0,-0.00084,0,-0.00023
12001,0,-0.00023,0,-0.00099,0,-0.00023,0,-0.00084,0,-0.00023
12033,0,-0.00023,0,-0.00008,0,0.00023,0,-0.00084,0,-0.00115
12064,0,0.00069,0,-0.00054,0,-0.00023,0,-0.00038,0,-0.00069
12096,0,0.00069,0,-0.00008,0,0.00069,0,0.00053,0,-0.00115
12127,0,0.00023,0,-0.00008,0,0.00114,0,0.00007,0,-0.00069
12157,0,-0.00023,0,-0.00008,0,0.00114,0,-0.00038,0,-0.00115
12189,0,-0.00023,0,-0.00099,0,0.00023,0,-0.00038,0,-0.00115
12221,0,-0.00023,0,-0.00099,0,0.00023,0,-0.00038,0,-0.00115
12253,0,-0.00023,0,-0.00099,0,0.00023,0,0.00053,0,-0.00023
12284,0,0.00069,0,-0.00054,0,0.00114,0,0.00053,0,-0.00069
12315,0,0.00069,0,-0.00054,0,0.00069,0,0.00053,0,-0.00069
12346,0,0.00069,0,-0.00054,0,0.00069,0,-0.00084,0,-0.00069
12377,0,0.00023,0,-0.00054,0,-0.00023,0,-0.00038,0,-0.00023
12408,0,0.00023,0,-0.00054,0,-0.00023,0,-0.00130,0,-0.00115
12440,0,-0.00023,0,-0.00054,0,-0.00023,0,0.00007,0,-0.00160
12472,0,0.00023,0,-0.00054,0,0.00069,0,-0.00038,0,-0.00115
12504,0,0.00023,0,-0.00054,0,0.00069,0,0.00007,0,-0.00023
12533,0,0.00023,0,-0.00008,0,0.00069,0,-0.00038,0,-0.00023
12565,0,0.00069,0,-0.00008,0,0.00069,0,-0.00084,0,-0.00023
12596,0,-0.00069,0,-0.00054,0,-0.00023,0,-0.00038,0,-0.00023
12628,0,-0.00069,0,-0.00054,0,0.00023,0,0.00007,0,-0.00069
12659,0,0.00023,0,-0.00145,0,0.00023,0,-0.00038,0,-0.00069
12691,0,0.00023,0,-0.00099,0,0.00114,0,0.00007,0,-0.00023
12722,0,0.00023,0,-0.00099,0,0.00069,0,0.00007,0,-0.00023
12752,0,0.00023,0,-0.00054,0,0.00114,0,-0.00084,0,-0.00023
12783,0,0.00023,0,-0.00054,0,-0.00023,0,-0.00038,0,0.00023
12815,0,0.00023,0,-0.00054,0,-0.00023,0,0.00007,0,-0.00160
12846,0,0.00069,0,-0.00054,0,0.00023,0,0.00053,0,-0.00115
12876,0,0.00023,0,-0.00054,0,0.00069,0,0.00053,0,-0.00206
12907,0,0.00023,0,-0.00054,0,0.00114,0,0.00053,0,-0.00069
12938,0,0.00023,0,-0.00054,0,0.00069,0,-0.00038,0,-0.00069
12969,0,0.00023,0,-0.00008,0,0.00023,0,-0.00084,0,-0.00069
13000,0,0.00023,0,-0.00099,0,-0.00023,0,-0.00130,0,-0.00069
13032,0,-0.00023,0,-0.00099,0,-0.00023,0,0.00007,0,-0.00069
13064,0,-0.00023,0,-0.00099,0,0.00069,0,0.00007,0,-0.00160
13094,0,0.00069,0,-0.00008,0,-0.00023,0,0.00007,0,-0.00069
13126,0,0.00069,0,-0.00008,0,0.00069,0,0.00007,0,-0.00023
13157,0,0.00023,0,-0.00008,0,0.00069,0,0.00007,0,-0.00023
13188,0,-0.00023,0,-0.00008,0,0.00023,0,-0.00038,0,-0.00023
13219,0,0.00023,0,-0.00145,0,-0.00023,0,-0.00038,0,-0.00069
13251,0,-0.00023,0,-0.00145,0,0.00023,0,-0.00038,0,-0.00069
13283,0,0.00023,0,-0.00054,0,0.00023,0,-0.00038,0,-0.00069
13314,0,0.00069,0,-0.00008,0,0.00023,0,-0.00084,0,-0.00023
13345,0,0.00114,0,-0.00054,0,0.00069,0,-0.00084,0,-0.00023
13376,0,0.00023,0,-0.00054,0,0.00023,0,-0.00038,0,-0.00023
13408,0,0.00114,0,-0.00054,0,-0.00023,0,0.00007,0,-0.00023
13438,0,0.00114,0,-0.00054,0,-0.00023,0,0.00007,0,-0.00023
13470,0,0.00114,0,-0.00099,0,0.00114,0,0.00007,0,-0.00023
13500,0,-0.00023,0,-0.00099,0,0.00069,0,-0.00084,0,-0.00069
13532,0,0.00023,0,-0.00054,0,0.00069,0,-0.00084,0,-0.00069
13563,0,0.00023,0,-0.00054,0,0.00069,0,-0.00084,0,-0.00069
13594,0,0.00023,0,-0.00054,0,0.00069,0,0.00053,0,-0.00069
13625,0,0.00023,0,-0.00099,0,0.00069,0,0.00053,0,-0.00115
13656,0,0.00023,0,-0.00145,0,0.00069,0,0.00099,0,-0.00115
13686,0,0.00023,0,-0.00054,0,0.00069,0,-0.00084,0,-0.00115
13718,0,-0.00023,0,-0.00054,0,0.00069,0,-0.00084,0,-0.00023
13750,0,0.00023,0,-0.00099,0,-0.00023,0,-0.00130,0,-0.00023
13782,0,0.00023,0,-0.00054,0,0.00069,0,0.00007,0,-0.00023
13812,0,0.00023,0,-0.00054,0,0.00023,0,-0.00038,0,-0.00023
13843,0,0.00023,0,-0.00054,0,-0.00023,0,-0.00038,0,-0.00023
13875,0,0.00023,0,-0.00099,0,0.00069,0,0.00007,0,-0.00069
13905,0,0.00023,0,-0.00054,0,0.00114,0,0.00007,0,-0.00069
13936,0,0.00069,0,-0.00008,0,0.00069,0,-0.00084,0,-0.00069
13968,0,0.00023,0,-0.00008,0,0.00069,0,-0.00038,0,-0.00115
13999,0,0.00023,0,-0.00008,0,-0.00023,0,0.00007,0,-0.00115
14029,0,0.00023,0,-0.00054,0,0.00023,0,-0.00038,0,-0.00160
14061,0,0.00069,0,-0.00099,0,0.00114,0,0.00007,0,-0.00069
14092,0,0.00069,0,-0.00054,0,0.00114,0,-0.00084,0,-0.00115
14123,0,0.00023,0,-0.00008,0,0.00069,0,0.00053,0,-0.00023
14153,0,-0.00023,0,0.00038,0,-0.00023,0,0.00053,0,-0.00023
14185,0,0.00023,0,-0.00054,0,-0.00023,0,0.00053,0,-0.00023
14216,0,0.00023,0,-0.00054,0,-0.00069,0,0.00007,0,-0.00115
14247,0,-0.00023,0,-0.00008,0,0.00114,0,0.00007,0,-0.00115
14278,0,0.00069,0,-0.00054,0,0.00023,0,-0.00084,0,-0.00069
14310,0,0.00023,0,-0.00099,0,0.00023,0,-0.00084,0,-0.00023
14341,0,-0.00069,0,-0.00008,0,0.00023,0,-0.00038,0,-0.00069
14372,0,-0.00023,0,-0.00099,0,0.00023,0,0.00007,0,-0.00069
14404,0,0.00069,0,-0.00054,0,0.00023,0,-0.00038,0,-0.00069
14435,0,0.00023,0,-0.00054,0,0.00023,0,0.00007,0,-0.00115
14466,0,0.00023,0,-0.00054,0,0.00069,0,-0.00084,0,-0.00115
14496,0,0.00023,0,-0.00054,0,0.00069,0,-0.00038,0,-0.00023
14528,0,0.00023,0,-0.00145,0,0.00114,0,-0.00038,0,-0.00069
14559,0,-0.00023,0,-0.00145,0,0.00023,0,0.00053,0,-0.00023
14590,0,-0.00023,0,-0.00099,0,0.00069,0,0.00053,0,-0.00023
14621,0,-0.00023,0,-0.00145,0,0.00023,0,0.00053,0,-0.00069
14653,0,0.00023,0,-0.00054,0,0.00069,0,-0.00084,0,-0.00069
14684,0,0.00023,0,-0.00008,0,0.00069,0,0.00007,0,-0.00023
14714,0,0.00023,0,-0.00008,0,0.00069,0,0.00007,0,-0.00023
14745,0,-0.00023,0,-0.00054,0,0.00023,0,0.00007,0,-0.00023
14777,0,0.00023,0,-0.00054,0,0.00023,0,0.00053,0,-0.00023
14808,0,0.00023,0,-0.00099,0,0.00069,0,0.00053,0,-0.00115
14838,0,0.00114,0,-0.00099,0,0.00023,0,0.00007,0,-0.00115
14869,0,0.00069,0,-0.00008,0,0.00023,0,0.00007,0,-0.00160
14900,0,0.00069,0,-0.00054,0,0.00023,0,-0.00038,0,0.00023
14929,0,0.00023,0,-0.00054,0,0.00069,0,-0.00038,0,0.00023
14960,0,-0.00023,0,-0.00099,0,0.00114,0,0.00053,0,-0.00069
14992,0,0.00114,0,-0.00054,0,0.00069,0,0.00053,0,-0.00069
15023,0,0.00023,0,-0.00054,0,0.00069,0,0.00007,0,-0.00069
15053,0,0.00023,0,-0.00008,0,0.00023,0,0.00007,0,-0.00069
15084,0,-0.00023,0,-0.00054,0,0.00023,0,0.00007,0,-0.00115
15115,0,0.00023,0,-0.00008,0,0.00023,0,-0.00038,0,-0.00069
15147,0,-0.00069,0,-0.00099,0,0.00114,0,0.00007,0,-0.00023
15177,0,-0.00023,0,-0.00099,0,0.00069,0,0.00007,0,-0.00069
15209,0,-0.00023,0,-0.00099,0,0.00114,0,0.00053,0,-0.00115
15240,0,0.00069,0,-0.00145,0,-0.00023,0,-0.00084,0,-0.00115
15271,0,0.00069,0,-0.00008,0,0.00023,0,-0.00084,0,-0.00115
15303,0,0.00069,0,0.00038,0,-0.00023,0,-0.00084,0,-0.00023
15334,0,0.00069,0,-0.00008,0,0.00069,0,0.00053,0,-0.00069
15365,0,0.00069,0,-0.00054,0,0.00069,0,0.00053,0,-0.00023
15395,0,0.00023,0,-0.00099,0,0.00023,0,0.00053,0,-0.00069
15426,0,0.00069,0,-0.00099,0,0.00023,0,-0.00038,0,-0.00115
15457,0,0.00023,0,-0.00054,0,0.00023,0,-0.00130,0,-0.00115
15489,0,0.00023,0,-0.00054,0,-0.00023,0,-0.00084,0,-0.00115
15520,0,0.00069,0,-0.00054,0,0.00069,0,-0.00038,0,-0.00023
15551,0,-0.00023,0,-0.00054,0,0.00114,0,0.00053,0,-0.00023
15583,0,-0.00023,0,-0.00099,0,0.00069,0,0.00053,0,-0.00023
15613,0,-0.00023,0,-0.00099,0,0.00069,0,0.00007,0,-0.00069
15645,0,0.00023,0,-0.00099,0,0.00023,0,-0.00084,0,-0.00069
15676,0,0.00023,0,-0.00008,0,0.00023,0,-0.00084,0,-0.00069
15708,0,0.00023,0,-0.00008,0,-0.00023,0,-0.00084,0,-0.00023
15739,0,0.00023,0,-0.00008,0,0.00023,0,0.00007,0,-0.00023
15770,0,-0.00023,0,-0.00099,0,0.00023,0,-0.00038,0,-0.00023
15802,0,0.00023,0,-0.00099,0,0.00069,0,0.00007,0,-0.00115
15833,0,0.00023,0,-0.00145,0,0.00023,0,0.00007,0,-0.00069
15862,0,0.00069,0,-0.00099,0,-0.00023,0,-0.00038,0,-0.00115
15894,0,0.00069,0,-0.00099,0,0.00023,0,0.00007,0,-0.00023
15925,0,0.00069,0,-0.00099,0,0.00069,0,0.00099,0,-0.00023
15955,0,0.00069,0,-0.00054,0,0.00023,0,0.00053,0,-0.00069
15986,0,0.00023,0,-0.00054,0,0.00023,0,0.00053,0,-0.00023
16017,0,0.00023,0,-0.00054,0,0.00069,0,-0.00038,0,-0.00115
16049,0,0.00023,0,-0.00054,0,0.00069,0,-0.00084,0,-0.00023
16079,0,-0.00069,0,-0.00054,0,0.00069,0,-0.00084,0,-0.00115
16111,0,0.00023,0,-0.00008,0,0.00114,0,0.00007,0,-0.00069
16142,0,-0.00023,0,-0.00008,0,0.00114,0,0.00053,0,-0.00115
16174,0,0.00023,0,-0.00145,0,0.00069,0,0.00053,0,-0.00115
16204,0,0.00023,0,-0.00054,0,0.00114,0,-0.00084,0,-0.00115
16235,0,0.00023,0,-0.00054,0,0.00023,0,-0.00084,0,-0.00069
16267,0,0.00069,0,-0.00099,0,0.00023,0,-0.00084,0,-0.00115
16297,0,0.00023,0,0.00038,0,-0.00023,0,0.00007,0,-0.00069
16328,0,0.00023,0,-0.00008,0,0.00069,0,0.00053,0,-0.00069
16359,0,-0.00023,0,-0.00008,0,0.00114,0,0.00007,0,-0.00069
16390,0,0.00023,0,-0.00099,0,0.00069,0,-0.00038,0,-0.00115
16421,0,0.00069,0,-0.00099,0,0.00023,0,-0.00038,0,-0.00069
16452,0,0.00023,0,-0.00099,0,0.00069,0,-0.00038,0,-0.00115
16484,0,0.00023,0,-0.00008,0,0.00069,0,-0.00038,0,-0.00115
16515,0,0.00023,0,-0.00008,0,0.00023,0,-0.00038,0,-0.00023
16546,0,0.00023,0,0.00038,0,0.00023,0,0.00007,0,-0.00023
16576,0,0.00023,0,-0.00099,0,0.00069,0,0.00007,0,-0.00023
16607,0,0.00023,0,-0.00099,0,-0.00023,0,-0.00038,0,-0.00115
16638,0,0.00023,0,-0.00099,0,-0.00023,0,-0.00084,0,-0.00115
16670,0,0.00023,0,-0.00145,0,0.00023,0,-0.00084,0,-0.00115
16702,0,0.00023,0,-0.00008,0,0.00069,0,0.00007,0,-0.00023
16733,0,0.00023,0,-0.00008,0,0.00023,0,0.00007,0,-0.00069
16763,0,0.00069,0,-0.00008,0,0.00069,0,0.00053,0,0.00023
16793,0,0.00023,0,-0.00099,0,0.00023,0,-0.00130,0,-0.00069
16824,0,-0.00023,0,-0.00054,0,-0.00023,0,-0.00084,0,-0.00069
16857,0,-0.00023,0,-0.00099,0,-0.00023,0,-0.00130,0,-0.00115
16888,0,0.00023,0,-0.00054,0,-0.00069,0,0.00007,0,-0.00023
16920,0,0.00023,0,-0.00008,0,0.00069,0,0.00007,0,0.00023
16950,0,-0.00023,0,-0.00054,0,0.00069,0,0.00053,0,-0.00023
16982,0,0.00023,0,-0.00054,0,0.00069,0,-0.00038,0,0.00023
17012,0,0.00023,0,-0.00099,0,0.00069,0,0.00007,0,-0.00115
17043,0,0.00023,0,-0.00099,0,0.00069,0,-0.00084,0,-0.00069
17074,0,0.00023,0,-0.00099,0,0.00069,0,0.00007,0,-0.00069
17104,0,0.00023,0,-0.00008,0,0.00069,0,0.00007,0,-0.00023
17135,0,0.00023,0,-0.00054,0,0.00114,0,0.00053,0,-0.00023
17166,0,-0.00023,0,-0.00054,0,0.00069,0,-0.00038,0,0.00023
17198,0,-0.00023,0,-0.00099,0,0.00023,0,-0.00084,0,-0.00115
17229,0,-0.00023,0,-0.00099,0,0.00023,0,-0.00084,0,-0.00023
17260,0,-0.00023,0,-0.00099,0,0.00023,0,-0.00084,0,-0.00115
17292,0,-0.00023,0,-0.00054,0,0.00069,0,-0.00084,0,-0.00023
17324,0,0.00069,0,-0.00008,0,0.00069,0,-0.00038,0,0.00023
17354,0,0.00069,0,-0.00099,0,0.00069,0,-0.00038,0,-0.00023
17386,0,0.00069,0,-0.00054,0,0.00069,0,0.00007,0,-0.00115
17417,0,-0.00023,0,-0.00054,0,0.00069,0,-0.00038,0,-0.00069
17448,0,-0.00023,0,-0.00008,0,0.00069,0,-0.00038,0,-0.00069
17480,0,-0.00023,0,-0.00054,0,0.00069,0,0.00007,0,-0.00115
17511,0,0.00023,0,-0.00099,0,0.00114,0,0.00007,0,-0.00069
17542,0,0.00069,0,-0.00099,0,0.00069,0,0.00007,0,-0.00069
17572,0,0.00069,0,-0.00099,0,0.00069,0,0.00007,0,-0.00069
17603,0,0.00069,0,-0.00054,0,0.00069,0,0.00007,0,-0.00069
17634,0,-0.00023,0,-0.00008,0,0.00069,0,-0.00038,0,-0.00023
17666,0,-0.00023,0,-0.00054,0,0.00023,0,0.00007,0,-0.00069
17697,0,-0.00023,0,-0.00008,0,0.00069,0,-0.00038,0,-0.00023
17729,0,0.00023,0,-0.00099,0,0.00069,0,0.00007,0,-0.00023
17759,0,0.00023,0,-0.00145,0,0.00114,0,-0.00084,0,-0.00023
17790,0,0.00023,0,-0.00099,0,-0.00023,0,-0.00038,0,-0.00069
17822,0,-0.00023,0,-0.00008,0,0.00023,0,-0.00038,0,-0.00160
17854,0,-0.00023,0,-0.00054,0,0.00023,0,0.00053,0,-0.00115
17885,0,0.00023,0,-0.00054,0,0.00069,0,0.00053,0,-0.00023
17915,0,0.00023,0,-0.00054,0,0.00069,0,0.00053,0,-0.00023
17946,0,0.00023,0,-0.00054,0,0.00069,0,-0.00084,0,-0.00023
17978,0,0.00069,0,-0.00054,0,0.00069,0,-0.00038,0,-0.00069
18009,0,0.00069,0,-0.00008,0,0.00069,0,-0.00038,0,-0.00069
18040,0,-0.00023,0,-0.00054,0,0.00069,0,0.00053,0,-0.00069
18071,0,0.00023,0,-0.00054,0,0.00114,0,0.00053,0,-0.00069
18102,0,-0.00023,0,-0.00054,0,0.00160,0,0.00053,0,-0.00023
18134,0,-0.00023,0,-0.00054,0,0.00160,0,0.00007,0,-0.00023
18164,0,0.00023,0,-0.00099,0,0.00114,0,-0.00038,0,-0.00023
18196,0,0.00023,0,-0.00099,0,-0.00023,0,-0.00084,0,-0.00115
18228,0,0.00023,0,-0.00054,0,0.00069,0,0.00053,0,-0.00115
18257,0,-0.00023,0,-0.00008,0,-0.00023,0,0.00007,0,-0.00115
18289,0,-0.00023,0,-0.00054,0,0.00069,0,0.00007,0,-0.00069
18321,0,-0.00023,0,-0.00099,0,0.00023,0,0.00007,0,-0.00069
18352,0,0.00023,0,-0.00099,0,0.00114,0,-0.00038,0,-0.00023
18383,0,0.00023,0,-0.00099,0,0.00023,0,0.00007,0,-0.00069
18414,0,0.00069,0,-0.00099,0,0.00069,0,-0.00038,0,-0.00069
18445,0,-0.00069,0,-0.00054,0,0.00069,0,0.00007,0,-0.00069
18477,0,-0.00069,0,-0.00008,0,0.00069,0,0.00007,0,-0.00069
18507,0,-0.00069,0,-0.00008,0,0.00069,0,0.00053,0,-0.00023
18539,0,0.00114,0,-0.00054,0,0.00114,0,-0.00084,0,-0.00023
18570,0,0.00069,0,-0.00054,0,0.00069,0,-0.00084,0,-0.00023
18601,0,0.00023,0,-0.00099,0,0.00069,0,-0.00038,0,-0.00069
18632,0,-0.00023,0,-0.00008,0,0.00114,0,0.00007,0,-0.00069
18664,0,0.00023,0,-0.00008,0,0.00023,0,0.00007,0,-0.00069
18695,0,0.00023,0,-0.00054,0,-0.00023,0,0.00007,0,-0.00023
18725,0,0.00023,0,-0.00054,0,0.00023,0,-0.00038,0,0.00053
18756,0,-0.00023,0,-0.00008,0,-0.00023,0,-0.00084,0,0.00023
18788,0,0.00023,0,-0.00054,0,0.00069,0,-0.00084,0,-0.00069
18819,0,-0.00023,0,-0.00099,0,0.00069,0,0.00007,0,-0.00069
18850,0,0.00069,0,-0.00054,0,0.00114,0,-0.00038,0,-0.00069
18881,0,0.00023,0,-0.00008,0,0.00069,0,0.00007,0,-0.00069
18912,0,0.00069,0,-0.00054,0,0.00069,0,-0.00084,0,-0.00069
18944,0,0.00069,0,-0.00054,0,0.00069,0,-0.00130,0,-0.00069
18974,0,0.00069,0,-0.00054,0,0.00069,0,-0.00130,0,-0.00069
19006,0,0.00069,0,-0.00099,0,0.00114,0,0.00053,0,-0.00023
19037,0,0.00069,0,-0.00099,0,0.00069,0,0.00053,0,-0.00023
19067,0,0.00023,0,-0.00054,0,0.00023,0,0.00053,0,-0.00023
19098,0,0.00069,0,-0.00099,0,0.00023,0,-0.00084,0,-0.00023
19129,0,0.00023,0,-0.00099,0,0.00023,0,-0.00084,0,0.00023
19160,0,0.00069,0,-0.00054,0,0.00023,0,-0.00130,0,-0.00023
19190,0,0.00069,0,-0.00054,0,0.00023,0,-0.00130,0,-0.00023
19222,0,0.00069,0,-0.00054,0,0.00023,0,0.00007,0,-0.00069
19253,0,-0.00023,0,-0.00054,0,0.00023,0,0.00007,0,-0.00069
19283,0,-0.00023,0,-0.00008,0,0.00023,0,0.00007,0,-0.00023
19315,0,-0.00023,0,-0.00008,0,0.00023,0,-0.00084,0,-0.00023
19347,0,-0.00023,0,-0.00054,0,0.00023,0,-0.00038,0,-0.00023
19379,0,0.00023,0,-0.00054,0,0.00069,0,-0.00130,0,-0.00115
19409,0,0.00023,0,-0.00054,0,0.00114,0,0.00053,0,-0.00115
19440,0,0.00069,0,-0.00099,0,0.00114,0,-0.00038,0,-0.00069
19472,0,-0.00023,0,-0.00008,0,-0.00023,0,0.00007,0,-0.00115
19504,0,0.00023,0,-0.00054,0,0.00023,0,-0.00084,0,-0.00069
19534,0,0.00023,0,-0.00054,0,-0.00023,0,-0.00038,0,-0.00069
19566,0,-0.00023,0,-0.00099,0,0.00069,0,-0.00084,0,-0.00069
19598,0,-0.00023,0,-0.00099,0,0.00023,0,0.00007,0,-0.00069
19630,0,-0.00023,0,-0.00099,0,0.00069,0,0.00007,0,-0.00069
19660,0,0.00069,0,-0.00054,0,0.00023,0,0.00007,0,-0.00023
19691,0,0.00023,0,-0.00054,0,0.00023,0,-0.00084,0,-0.00069
19722,0,0.00023,0,-0.00054,0,0.00023,0,-0.00038,0,-0.00023
19753,0,0.00069,0,-0.00054,0,0.00069,0,-0.00084,0,-0.00023
19784,0,-0.00069,0,-0.00054,0,0.00114,0,-0.00038,0,-0.00069
19816,0,-0.00069,0,-0.00054,0,0.00069,0,0.00007,0,-0.00069
19848,0,-0.00069,0,-0.00099,0,0.00023,0,0.00007,0,-0.00069
19878,0,0.00023,0,-0.00008,0,-0.00023,0,-0.00084,0,-0.00023
19910,0,0.00023,0,-0.00008,0,0.00023,0,0.00007,0,0.00023
19941,0,0.00069,0,-0.00008,0,0.00069,0,0.00007,0,-0.00023
19972,0,-0.00023,0,-0.00099,0,0.00069,0,-0.00084,0,-0.00023
20003,0,0.00023,0,-0.00099,0,-0.00023,0,-0.00038,0,-0.00069
20035,0,-0.00023,0,-0.00099,0,0.00069,0,-0.00038,0,-0.00023
20067,0,0.00023,0,-0.00054,0,-0.00069,0,-0.00038,0,-0.00069
20099,0,0.00023,0,-0.00054,0,-0.00023,0,-0.00038,0,-0.00069
20130,0,0.00023,0,-0.00008,0,-0.00069,0,-0.00084,0,-0.00069
20162,0,0.00023,0,-0.00099,0,0.00069,0,-0.00038,0,-0.00069
20193,0,0.00023,0,-0.00054,0,0.00114,0,-0.00038,0,-0.00069
20225,0,-0.00069,0,-0.00099,0,0.00114,0,-0.00038,0,-0.00115
20255,0,-0.00023,0,-0.00054,0,0.00023,0,-0.00084,0,-0.00069
20287,0,0.00023,0,-0.00008,0,0.00023,0,-0.00084,0,-0.00069
20319,0,0.00023,0,-0.00054,0,-0.00023,0,-0.00084,0,-0.00069
20350,0,0.00023,0,-0.00008,0,0.00114,0,-0.00038,0,-0.00069
20381,0,0.00023,0,-0.00145,0,0.00069,0,0.00007,0,-0.00069
20412,0,-0.00023,0,-0.00099,0,0.00114,0,0.00007,0,-0.00069
20444,0,-0.00023,0,-0.00099,0,0.00023,0,0.00007,0,-0.00069
20474,0,0.00023,0,-0.00008,0,-0.00023,0,-0.00038,0,-0.00023
20506,0,0.00069,0,-0.00054,0,0.00023,0,-0.00084,0,0.00023
20537,0,0.00069,0,-0.00054,0,0.00069,0,-0.00084,0,-0.00023
20569,0,0.00069,0,-0.00099,0,0.00114,0,0.00099,0,0.00023
20598,0,0.00069,0,-0.00099,0,0.00114,0,0.00007,0,-0.00160
20629,0,0.00069,0,-0.00099,0,0.00023,0,0.00007,0,-0.00115
20660,0,0.00069,0,-0.00099,0,0.00023,0,-0.00038,0,-0.00115
20691,0,0.00069,0,-0.00008,0,0.00069,0,-0.00084,0,0.00023
20721,0,0.00023,0,-0.00008,0,0.00114,0,-0.00084,0,0.00023
20752,0,0.00069,0,-0.00008,0,0.00023,0,0.00007,0,-0.00023
20783,0,0.00069,0,-0.00099,0,0.00069,0,0.00007,0,-0.00069
20813,0,0.00023,0,-0.00145,0,0.00023,0,0.00007,0,-0.00115
20844,0,0.00023,0,-0.00099,0,0.00023,0,-0.00038,0,-0.00069
20876,0,0.00023,0,-0.00008,0,-0.00023,0,-0.00084,0,-0.00023
20908,0,0.00023,0,-0.00008,0,-0.00023,0,-0.00084,0,-0.00023
20939,0,0.00023,0,0.00038,0,0.00069,0,0.00007,0,-0.00069
20969,0,-0.00023,0,0.00038,0,0.00160,0,0.00007,0,-0.00023
21000,0,-0.00023,0,-0.00099,0,0.00069,0,-0.00038,0,-0.00023
21031,0,0.00023,0,-0.00099,0,0.00023,0,-0.00038,0,-0.00023
21063,0,0.00023,0,-0.00099,0,0.00069,0,-0.00084,0,-0.00115
21094,0,0.00023,0,-0.00054,0,0.00023,0,-0.00038,0,-0.00069
21126,0,-0.00023,0,-0.00008,0,0.00069,0,0.00053,0,-0.00069
21156,0,0.00023,0,-0.00008,0,0.00114,0,0.00007,0,-0.00023
21187,0,0.00023,0,-0.00099,0,0.00114,0,0.00007,0,-0.00115
21218,0,0.00023,0,-0.00099,0,-0.00023,0,0.00007,0,-0.00069
21249,0,0.00023,0,-0.00145,0,0.00023,0,-0.00084,0,-0.00069
21280,0,0.00023,0,-0.00099,0,0.00023,0,-0.00084,0,-0.00023
21311,0,0.00023,0,-0.00099,0,0.00023,0,-0.00084,0,-0.00023
21343,0,0.00023,0,-0.00054,0,0.00069,0,0.00007,0,0.00023
21372,0,0.00023,0,-0.00099,0,0.00069,0,0.00007,0,-0.00115
21403,0,-0.00023,0,-0.00099,0,0.00023,0,0.00007,0,-0.00069
21435,0,0.00023,0,-0.00099,0,0.00023,0,-0.00084,0,-0.00115
21466,0,-0.00023,0,-0.00054,0,0.00069,0,-0.00084,0,-0.00069
21497,0,0.00023,0,-0.00099,0,0.00069,0,-0.00084,0,-0.00023
21529,0,-0.00023,0,-0.00099,0,0.00069,0,0.00007,0,-0.00023
21560,0,-0.00023,0,-0.00054,0,0.00114,0,0.00007,0,-0.00023
21592,0,0.00023,0,-0.00099,0,0.00023,0,0.00007,0,-0.00115
21622,0,-0.00023,0,-0.00054,0,0.00069,0,-0.00084,0,-0.00115
21653,0,-0.00023,0,-0.00054,0,0.00023,0,-0.00084,0,-0.00115
21685,0,-0.00023,0,-0.00008,0,0.00023,0,-0.00038,0,-0.00023
21716,0,0.00023,0,-0.00054,0,0.00069,0,0.00007,0,-0.00023
21747,0,0.00023,0,-0.00008,0,0.00069,0,0.00007,0,0.00023
21778,0,0.00023,0,-0.00054,0,0.00023,0,0.00053,0,-0.00023
21809,0,0.00023,0,-0.00008,0,0.00023,0,-0.00084,0,-0.00069
21839,0,-0.00023,0,-0.00054,0,0.00023,0,-0.00038,0,-0.00069
21871,0,-0.00023,0,-0.00008,0,0.00023,0,-0.00084,0,-0.00023
21903,0,0.00069,0,-0.00099,0,0.00023,0,0.00007,0,-0.00023
21934,0,0.00069,0,-0.00099,0,0.00023,0,0.00053,0,-0.00023
21964,0,0.00069,0,-0.00099,0,0.00023,0,0.00007,0,-0.00069
21995,0,0.00069,0,-0.00145,0,0.00023,0,-0.00084,0,-0.00069
22027,0,0.00023,0,-0.00099,0,0.00114,0,-0.00038,0,-0.00115
22057,0,0.00023,0,-0.00054,0,0.00023,0,-0.00084,0,-0.00069
22089,0,-0.00023,0,-0.00054,0,0.00023,0,-0.00084,0,0.00023
22120,0,0.00069,0,-0.00145,0,0.00023,0,0.00007,0,0.00023
22150,0,0.00069,0,-0.00099,0,0.00023,0,0.00007,0,-0.00023
22180,0,0.00023,0,-0.00145,0,0.00023,0,0.00007,0,-0.00115
22211,0,0.00023,0,-0.00008,0,0.00069,0,-0.00038,0,-0.00069
22243,0,-0.00023,0,-0.00054,0,0.00023,0,0.00053,0,-0.00069
22274,0,-0.00023,0,-0.00054,0,0.00023,0,-0.00038,0,-0.00069
22305,0,-0.00023,0,-0.00008,0,-0.00023,0,0.00007,0,-0.00069
22337,0,0.00023,0,-0.00054,0,0.00023,0,0.00007,0,-0.00069
22368,0,0.00023,0,-0.00099,0,0.00023,0,-0.00038,0,-0.00115
22400,0,0.00023,0,-0.00054,0,0.00023,0,0.00007,0,-0.00069
22430,0,0.00023,0,-0.00054,0,0.00069,0,0.00007,0,-0.00115
22461,0,0.00023,0,-0.00054,0,0.00023,0,0.00053,0,-0.00115
22492,0,0.00023,0,-0.00008,0,0.00023,0,-0.00038,0,-0.00069
22522,0,-0.00023,0,-0.00054,0,-0.00023,0,-0.00084,0,-0.00069
22555,0,0.00023,0,-0.00099,0,-0.00023,0,-0.00038,0,-0.00023
22587,0,0.00023,0,-0.00054,0,0.00023,0,0.00007,0,-0.00160
22617,0,0.00023,0,-0.00054,0,0.00069,0,-0.00038,0,-0.00115
22648,0,-0.00023,0,-0.00008,0,0.00114,0,0.00007,0,-0.00069
22679,0,-0.00023,0,-0.00008,0,0.00069,0,-0.00084,0,-0.00069
22711,0,0.00023,0,-0.00054,0,0.00069,0,-0.00084,0,-0.00069
22743,0,-0.00023,0,-0.00054,0,0.00069,0,-0.00084,0,-0.00069
22774,0,-0.00023,0,-0.00054,0,0.00069,0,0.00007,0,-0.00023
22805,0,0.00023,0,-0.00099,0,0.00069,0,0.00007,0,-0.00069
22836,0,0.00023,0,-0.00008,0,0.00069,0,0.00007,0,-0.00069
22866,0,-0.00023,0,-0.00054,0,0.00023,0,0.00007,0,0.00023
22897,0,0.00023,0,-0.00008,0,-0.00023,0,-0.00038,0,0.00023
22929,0,0.00023,0,-0.00099,0,-0.00023,0,-0.00038,0,-0.00069
22961,0,0.00023,0,-0.00099,0,-0.00023,0,-0.00038,0,-0.00023
22992,0,0.00069,0,-0.00145,0,0.00114,0,0.00007,0,-0.00115
23023,0,0.00069,0,-0.00099,0,0.00069,0,0.00007,0,-0.00069
23054,0,0.00069,0,-0.00008,0,0.00069,0,0.00053,0,-0.00115
23084,0,0.00023,0,-0.00008,0,-0.00023,0,-0.00038,0,-0.00023
23115,0,-0.00023,0,-0.00008,0,0.00023,0,0.00007,0,-0.00023
23147,0,-0.00023,0,-0.00054,0,-0.00023,0,0.00053,0,-0.00023
23179,0,0.00023,0,-0.00054,0,-0.00023,0,-0.00038,0,-0.00069
23211,0,0.00023,0,-0.00054,0,0.00160,0,-0.00038,0,-0.00115
23241,0,0.00069,0,-0.00099,0,0.00069,0,-0.00084,0,-0.00069
23273,0,-0.00069,0,-0.00008,0,0.00114,0,-0.00038,0,-0.00069
23305,0,-0.00023,0,-0.00054,0,0.00069,0,-0.00038,0,-0.00069
23336,0,-0.00069,0,-0.00099,0,0.00023,0,-0.00038,0,-0.00023
23368,0,0.00023,0,-0.00099,0,0.00023,0,-0.00084,0,-0.00069
23399,0,0.00069,0,-0.00099,0,0.00114,0,-0.00038,0,-0.00160
23431,0,0.00114,0,-0.00099,0,0.00069,0,-0.00084,0,-0.00069
23461,0,0.00069,0,-0.00008,0,0.00114,0,0.00099,0,-0.00069
23492,0,0.00023,0,-0.00008,0,0.00023,0,0.00099,0,-0.00069
23523,0,0.00069,0,-0.00054,0,0.00023,0,0.00053,0,-0.00115
23554,0,0.00069,0,-0.00099,0,0.00023,0,-0.00084,0,-0.00023
23585,0,0.00023,0,-0.00099,0,0.00023,0,-0.00038,0,-0.00115
23616,0,0.00023,0,-0.00099,0,0.00023,0,-0.00038,0,-0.00115
23647,0,0.00023,0,-0.00054,0,0.00023,0,0.00007,0,-0.00160
23677,0,0.00069,0,-0.00054,0,-0.00023,0,0.00053,0,-0.00023
23709,0,0.00069,0,-0.00054,0,-0.00023,0,0.00007,0,-0.00023
23740,0,0.00114,0,-0.00054,0,-0.00023,0,-0.00130,0,-0.00023
23772,0,0.00023,0,-0.00191,0,0.00114,0,-0.00038,0,-0.00160
23803,0,-0.00023,0,-0.00145,0,0.00114,0,-0.00084,0,-0.00069
23835,0,-0.00023,0,-0.00145,0,0.00069,0,0.00007,0,-0.00115
23866,0,-0.00023,0,-0.00008,0,0.00114,0,0.00053,0,0.00023
23897,0,-0.00023,0,-0.00008,0,0.00023,0,0.00007,0,-0.00023
23928,0,0.00023,0,-0.00054,0,0.00023,0,0.00007,0,-0.00023
23959,0,0.00023,0,-0.00099,0,0.00069,0,-0.00084,0,-0.00023
23990,0,-0.00023,0,-0.00099,0,0.00023,0,-0.00038,0,-0.00115
24022,0,-0.00023,0,-0.00099,0,0.00023,0,-0.00038,0,-0.00115
24053,0,-0.00023,0,-0.00008,0,0.00023,0,0.00053,0,-0.00069
24085,0,0.00023,0,-0.00008,0,0.00023,0,-0.00038,0,-0.00069
24116,0,0.00023,0,-0.00008,0,0.00023,0,-0.00038,0,-0.00069
24146,0,0.00023,0,-0.00008,0,0.00069,0,-0.00038,0,-0.00069
24178,0,0.00023,0,-0.00054,0,0.00023,0,-0.00084,0,0.00053
24209,0,-0.00069,0,-0.00054,0,0.00023,0,-0.00084,0,-0.00023
24241,0,-0.00023,0,-0.00054,0,-0.00023,0,-0.00038,0,-0.00023
24272,0,-0.00069,0,-0.00054,0,0.00069,0,0.00007,0,-0.00115
24304,0,-0.00023,0,-0.00008,0,0.00069,0,0.00007,0,-0.00069
24335,0,-0.00023,0,-0.00008,0,0.00069,0,-0.00084,0,-0.00115
24367,0,-0.00023,0,-0.00054,0,0.00069,0,-0.00084,0,-0.00023
24398,0,-0.00023,0,-0.00054,0,0.00023,0,-0.00084,0,-0.00069
24430,0,0.00023,0,-0.00054,0,0.00069,0,0.00007,0,-0.00023
24461,0,0.00023,0,0.00038,0,0.00023,0,0.00007,0,-0.00023
24492,0,0.00023,0,-0.00008,0,0.00023,0,-0.00038,0,-0.00023
24522,0,0.00023,0,-0.00008,0,0.00023,0,-0.00084,0,-0.00069
24554,0,0.00069,0,-0.00054,0,0.00023,0,-0.00084,0,-0.00023
24585,0,0.00069,0,-0.00054,0,0.00023,0,-0.00084,0,-0.00023
24615,0,-0.00023,0,-0.00054,0,0.00069,0,-0.00038,0,0.00023
24647,0,-0.00023,0,-0.00054,0,0.00023,0,0.00007,0,-0.00023
24678,0,-0.00023,0,0.00038,0,0.00114,0,0.00007,0,-0.00115
24709,0,0.00023,0,0.00038,0,0.00114,0,-0.00084,0,-0.00069
24739,0,0.00023,0,0.00038,0,0.00114,0,-0.00038,0,-0.00115
24770,0,-0.00023,0,-0.00145,0,0.00023,0,-0.00038,0,-0.00115
24802,0,0.00023,0,-0.00099,0,-0.00069,0,0.00053,0,-0.00069
24834,0,-0.00023,0,-0.00099,0,-0.00023,0,0.00053,0,-0.00069
24865,0,0.00023,0,-0.00099,0,0.00069,0,0.00053,0,-0.00115
24896,0,0.00023,0,-0.00054,0,0.00069,0,-0.00084,0,-0.00069
24927,0,0.00023,0,-0.00054,0,0.00069,0,-0.00130,0,-0.00069
24958,0,0.00023,0,-0.00054,0,-0.00023,0,-0.00038,0,-0.00023
24990,0,0.00023,0,-0.00099,0,-0.00023,0,-0.00084,0,-0.00069
25022,0,-0.00069,0,-0.00054,0,0.00023,0,0.00053,0,-0.00023
25053,0,-0.00069,0,-0.00099,0,0.00023,0,0.00053,0,-0.00023
25084,0,-0.00023,0,-0.00054,0,0.00069,0,0.00053,0,-0.00069
25115,0,-0.00023,0,-0.00054,0,0.00069,0,0.00007,0,-0.00069
25146,0,0.00023,0,-0.00008,0,0.00023,0,-0.00038,0,-0.00115
25178,0,0.00023,0,-0.00054,0,0.00023,0,-0.00038,0,-0.00023
25208,0,0.00023,0,-0.00054,0,0.00023,0,0.00007,0,-0.00023
25239,0,-0.00023,0,-0.00054,0,0.00069,0,-0.00038,0,0.00023
25271,0,0.00023,0,-0.00054,0,0.00069,0,0.00007,0,-0.00069
25302,0,0.00023,0,-0.00008,0,0.00069,0,0.00007,0,-0.00115
25332,0,0.00069,0,-0.00008,0,0.00069,0,-0.00038,0,-0.00069
25363,0,0.00069,0,-0.00054,0,0.00023,0,-0.00038,0,-0.00069
25395,0,0.00069,0,-0.00099,0,0.00023,0,0.00007,0,0.00023
25424,0,-0.00023,0,-0.00099,0,0.00023,0,0.00053,0,-0.00023
25456,0,-0.00069,0,-0.00099,0,0.00069,0,-0.00038,0,-0.00115
25488,0,-0.00023,0,-0.00008,0,0.00114,0,-0.00038,0,-0.00069
25520,0,-0.00023,0,-0.00054,0,0.00114,0,-0.00038,0,-0.00069
25551,0,0.00069,0,-0.00054,0,0.00023,0,0.00007,0,-0.00069
25582,0,0.00023,0,-0.00008,0,0.00023,0,0.00053,0,-0.00069
25612,0,0.00114,0,-0.00099,0,0.00023,0,0.00053,0,-0.00023
25643,0,-0.00023,0,-0.00145,0,0.00069,0,0.00053,0,-0.00069
25674,0,0.00023,0,-0.00099,0,0.00069,0,-0.00084,0,-0.00160
25705,0,0.00023,0,-0.00008,0,0.00069,0,-0.00084,0,-0.00069
25737,0,0.00023,0,-0.00054,0,0.00023,0,-0.00038,0,-0.00069
25767,0,0.00023,0,-0.00008,0,0.00069,0,0.00007,0,-0.00069
25798,0,-0.00023,0,-0.00054,0,0.00023,0,0.00007,0,-0.00023
25830,0,0.00023,0,-0.00145,0,0.00069,0,-0.00038,0,-0.00069
25861,0,-0.00023,0,-0.00099,0,0.00069,0,0.00007,0,-0.00023
25892,0,0.00069,0,-0.00054,0,0.00160,0,-0.00038,0,-0.00069
25923,0,0.00069,0,-0.00054,0,0.00114,0,0.00007,0,-0.00023
25954,0,0.00023,0,-0.00054,0,0.00069,0,0.00007,0,-0.00115
25985,0,0.00023,0,-0.00054,0,0.00023,0,0.00053,0,-0.00069
26015,0,0.00023,0,-0.00099,0,0.00023,0,0.00007,0,-0.00115
26046,0,-0.00023,0,-0.00054,0,0.00023,0,0.00007,0,-0.00023
26077,0,0.00023,0,-0.00099,0,0.00069,0,-0.00130,0,-0.00115
26108,0,-0.00023,0,-0.00008,0,0.00023,0,-0.00084,0,-0.00115
26140,0,0.00023,0,0.00038,0,0.00023,0,-0.00176,0,-0.00115
26171,0,0.00069,0,-0.00054,0,0.00023,0,0.00007,0,-0.00023
26202,0,0.00114,0,-0.00099,0,-0.00023,0,0.00053,0,-0.00069
26232,0,0.00069,0,-0.00099,0,0.00114,0,0.00053,0,-0.00023
26263,0,-0.00023,0,-0.00099,0,0.00069,0,-0.00130,0,-0.00069
26295,0,0.00023,0,-0.00099,0,0.00069,0,-0.00038,0,-0.00069
26327,0,-0.00023,0,-0.00008,0,0.00023,0,-0.00038,0,-0.00023
26358,0,0.00023,0,-0.00008,0,0.00023,0,0.00007,0,0.00023
26388,0,0.00023,0,-0.00008,0,-0.00023,0,0.00053,0,0.00023
26419,0,0.00023,0,-0.00054,0,0.00023,0,0.00007,0,0.00023
26449,0,-0.00023,0,-0.00054,0,0.00023,0,-0.00038,0,-0.00023
26481,0,-0.00023,0,-0.00099,0,0.00069,0,-0.00038,0,-0.00023
26512,0,-0.00023,0,-0.00054,0,0.00069,0,0.00007,0,-0.00023
26544,0,0.00023,0,-0.00008,0,0.00023,0,0.00053,0,-0.00023
26574,0,0.00069,0,-0.00054,0,0.00023,0,0.00053,0,-0.00023
26605,0,0.00069,0,-0.00054,0,0.00023,0,0.00007,0,-0.00023
26636,0,0.00069,0,-0.00054,0,0.00023,0,-0.00038,0,-0.00069
26667,0,0.00023,0,-0.00054,0,0.00069,0,-0.00038,0,-0.00069
26698,0,0.00069,0,-0.00054,0,0.00069,0,-0.00038,0,-0.00115
26729,0,0.00023,0,-0.00054,0,0.00023,0,-0.00038,0,-0.00069
26761,0,-0.00023,0,-0.00008,0,0.00023,0,0.00007,0,-0.00023
26791,0,-0.00023,0,-0.00008,0,0.00069,0,0.00007,0,-0.00023
26823,0,-0.00023,0,-0.00099,0,0.00114,0,0.00007,0,-0.00023
26854,0,-0.00023,0,-0.00054,0,0.00114,0,-0.00084,0,-0.00069
26886,0,0.00114,0,-0.00145,0,0.00114,0,-0.00084,0,-0.00069
26917,0,0.00069,0,-0.00054,0,0.00023,0,-0.00084,0,-0.00023
26948,0,0.00069,0,-0.00054,0,0.00023,0,0.00007,0,-0.00023
26979,0,-0.00023,0,-0.00008,0,0.00069,0,0.00007,0,-0.00023
27010,0,0.00023,0,-0.00054,0,0.00023,0,0.00053,0,-0.00069
27040,0,0.00069,0,-0.00099,0,0.00069,0,-0.00084,0,-0.00023
27072,0,0.00069,0,-0.00099,0,0.00069,0,-0.00038,0,-0.00069
27103,0,0.00069,0,-0.00099,0,0.00023,0,-0.00084,0,-0.00069
27134,0,0.00069,0,-0.00008,0,-0.00023,0,0.00099,0,-0.00069
27165,0,0.00069,0,0.00038,0,0.00023,0,0.00053,0,-0.00069
27196,0,0.00023,0,-0.00008,0,0.00069,0,0.00053,0,-0.00069
27227,0,0.00023,0,-0.00099,0,-0.00023,0,-0.00084,0,-0.00115
27258,0,0.00069,0,-0.00099,0,0.00023,0,-0.00038,0,-0.00160
27289,0,0.00023,0,-0.00054,0,0.00023,0,0.00007,0,-0.00115
27320,0,0.00023,0,-0.00054,0,0.00023,0,-0.00038,0,-0.00069
27352,0,-0.00023,0,-0.00099,0,0.00023,0,-0.00084,0,-0.00023
27383,0,-0.00023,0,-0.00099,0,-0.00023,0,-0.00084,0,0.00023
27415,0,-0.00023,0,-0.00099,0,0.00114,0,0.00007,0,-0.00023
27446,0,-0.00023,0,-0.00099,0,0.00069,0,0.00007,0,-0.00023
27476,0,-0.00023,0,-0.00054,0,0.00114,0,0.00007,0,-0.00023
27508,0,-0.00023,0,-0.00054,0,0.00023,0,-0.00038,0,-0.00069
27540,0,-0.00023,0,-0.00054,0,-0.00023,0,-0.00084,0,-0.00069
27572,0,-0.00023,0,-0.00008,0,0.00069,0,-0.00038,0,-0.00023
27603,0,0.00023,0,-0.00054,0,0.00069,0,0.00007,0,-0.00023
27634,0,0.00023,0,-0.00099,0,0.00069,0,0.00007,0,-0.00023
27665,0,0.00023,0,-0.00145,0,0.00069,0,0.00007,0,-0.00023
27696,0,0.00069,0,-0.00099,0,0.00069,0,0.00007,0,-0.00069
27726,0,0.00069,0,-0.00099,0,0.00023,0,-0.00084,0,-0.00069
27758,0,0.00023,0,-0.00054,0,-0.00023,0,0.00007,0,-0.00115
27789,0,0.00023,0,-0.00008,0,0.00023,0,-0.00038,0,-0.00069
27821,0,0.00023,0,0.00038,0,0.00069,0,0.00007,0,-0.00023
27850,0,0.00023,0,-0.00099,0,0.00160,0,0.00007,0,-0.00023
27881,0,0.00023,0,-0.00099,0,0.00114,0,0.00053,0,-0.00023
27912,0,0.00023,0,-0.00099,0,0.00023,0,-0.00038,0,-0.00023
27942,0,-0.00023,0,-0.00054,0,0.00069,0,-0.00038,0,-0.00023
27974,0,0.00023,0,-0.00008,0,0.00023,0,-0.00038,0,-0.00023
28006,0,-0.00023,0,-0.00054,0,0.00114,0,-0.00038,0,-0.00023
28038,0,-0.00023,0,-0.00054,0,0.00160,0,0.00099,0,-0.00023
28068,0,0.00069,0,-0.00054,0,0.00069,0,0.00007,0,-0.00069
28099,0,0.00069,0,-0.00008,0,0.00023,0,-0.00130,0,-0.00115
28131,0,0.00069,0,-0.00008,0,0.00023,0,-0.00038,0,-0.00115
28162,0,0.00069,0,-0.00008,0,0.00023,0,-0.00084,0,0.00023
28192,0,0.00069,0,-0.00054,0,0.00069,0,0.00007,0,-0.00023
28223,0,0.00023,0,-0.00008,0,0.00069,0,0.00007,0,-0.00023
28254,0,0.00023,0,-0.00099,0,0.00069,0,0.00053,0,-0.00069
28284,0,0.00023,0,-0.00099,0,0.00069,0,-0.00084,0,-0.00069
28316,0,0.00023,0,-0.00099,0,0.00023,0,0.00007,0,-0.00115
28347,0,0.00069,0,-0.00099,0,0.00069,0,-0.00038,0,-0.00069
28378,0,-0.00023,0,-0.00008,0,0.00114,0,0.00007,0,-0.00023
28408,0,-0.00069,0,-0.00054,0,0.00069,0,0.00053,0,0.00023
28439,0,-0.00023,0,-0.00054,0,0.00023,0,0.00053,0,-0.00023
28471,0,-0.00023,0,-0.00099,0,0.00023,0,0.00053,0,-0.00115
28502,0,-0.00023,0,-0.00099,0,-0.00023,0,-0.00038,0,-0.00069
28534,0,0.00023,0,-0.00145,0,-0.00023,0,-0.00038,0,-0.00069
28566,0,0.00023,0,-0.00008,0,-0.00023,0,-0.00084,0,-0.00069
28598,0,0.00069,0,-0.00008,0,0.00114,0,0.00007,0,-0.00069
28628,0,0.00023,0,-0.00054,0,0.00114,0,0.00053,0,-0.00069
28659,0,0.00023,0,-0.00099,0,0.00114,0,0.00007,0,-0.00069
28690,0,0.00023,0,-0.00099,0,0.00023,0,0.00007,0,-0.00115
28721,0,0.00023,0,-0.00099,0,0.00023,0,-0.00038,0,-0.00069
28751,0,0.00023,0,-0.00145,0,0.00023,0,0.00007,0,-0.00023
28782,0,0.00069,0,-0.00054,0,0.00114,0,0.00007,0,-0.00023
28813,0,0.00023,0,-0.00008,0,0.00114,0,0.00007,0,-0.00023
28844,0,0.00069,0,-0.00054,0,0.00114,0,0.00053,0,-0.00023
28874,0,0.00023,0,-0.00145,0,0.00160,0,-0.00038,0,-0.00023
28905,0,0.00069,0,-0.00145,0,-0.00023,0,-0.00038,0,-0.00069
28937,0,0.00023,0,-0.00099,0,-0.00023,0,-0.00038,0,-0.00023
28968,0,0.00023,0,-0.00008,0,0.00023,0,0.00007,0,-0.00069
28999,0,0.00069,0,0.00038,0,0.00069,0,0.00007,0,-0.00069
29030,0,0.00023,0,0.00038,0,0.00114,0,0.00007,0,-0.00069
29060,0,0.00023,0,0.00038,0,0.00114,0,-0.00038,0,-0.00115
29090,0,-0.00023,0,-0.00099,0,-0.00023,0,-0.00084,0,-0.00115
29123,0,-0.00023,0,-0.00099,0,-0.00023,0,-0.00130,0,-0.00069
29155,0,-0.00023,0,-0.00099,0,0.00023,0,0.00007,0,0.00023
29186,0,0.00023,0,-0.00008,0,0.00023,0,-0.00038,0,-0.00023
29217,0,0.00023,0,-0.00008,0,0.00023,0,-0.00038,0,0.00023
29248,0,-0.00023,0,-0.00054,0,0.00069,0,-0.00084,0,-0.00069
29280,0,0.00023,0,-0.00054,0,0.00023,0,-0.00038,0,-0.00069
29310,0,0.00023,0,-0.00008,0,0.00023,0,-0.00038,0,-0.00069
29341,0,0.00023,0,-0.00008,0,0.00069,0,0.00007,0,-0.00069
29372,0,0.00023,0,-0.00008,0,0.00114,0,0.00053,0,-0.00023
29403,0,0.00023,0,-0.00054,0,0.00114,0,0.00007,0,-0.00023
29433,0,-0.00023,0,-0.00054,0,0.00069,0,0.00007,0,0.00023
29464,0,-0.00023,0,-0.00008,0,0.00069,0,-0.00084,0,-0.00069
29496,0,-0.00023,0,-0.00099,0,0.00023,0,-0.00084,0,-0.00069
29528,0,-0.00023,0,-0.00099,0,0.00023,0,-0.00130,0,-0.00069
29559,0,-0.00023,0,-0.00099,0,0.00023,0,0.00053,0,0.00023
29590,0,-0.00023,0,-0.00054,0,0.00069,0,0.00053,0,-0.00023
29622,0,0.00023,0,-0.00099,0,0.00114,0,0.00007,0,-0.00023
29652,0,0.00023,0,-0.00054,0,0.00069,0,-0.00038,0,-0.00115
29683,0,-0.00023,0,-0.00099,0,0.00023,0,-0.00038,0,-0.00069
29715,0,0.00023,0,-0.00054,0,-0.00023,0,-0.00038,0,-0.00115
29747,0,0.00069,0,-0.00054,0,-0.00023,0,0.00053,0,-0.00023
29778,0,0.00023,0,-0.00054,0,0.00069,0,0.00007,0,-0.00069
29809,0,0.00069,0,-0.00008,0,0.00069,0,0.00007,0,-0.00069
29839,0,0.00069,0,-0.00054,0,0.00114,0,-0.00084,0,-0.00023
29871,0,-0.00023,0,-0.00054,0,0.00023,0,-0.00084,0,-0.00069
29902,0,0.00023,0,-0.00054,0,0.00023,0,-0.00084,0,-0.00115
29933,0,-0.00023,0,-0.00099,0,-0.00023,0,-0.00038,0,-0.00069
29966,0,0.00069,0,-0.00054,0,0.00023,0,0.00007,0,-0.00069
29997,0,0.00114,0,-0.00054,0,0.00114,0,0.00007,0,-0.00023
30027,0,0.00069,0,-0.00008,0,0.00069,0,-0.00084,0,-0.00069
30058,0,0.00023,0,-0.00054,0,0.00069,0,-0.00038,0,-0.00023
30090,0,0.00069,0,-0.00099,0,0.00023,0,-0.00084,0,-0.00115
30120,0,0.00069,0,-0.00054,0,0.00023,0,0.00007,0,-0.00115
30151,0,0.00023,0,-0.00008,0,0.00069,0,0.00053,0,-0.00069
30182,0,0.00023,0,-0.00054,0,0.00023,0,0.00053,0,-0.00069
30213,0,0.00023,0,-0.00008,0,0.00069,0,-0.00038,0,-0.00069
30244,0,0.00023,0,-0.00054,0,0.00023,0,-0.00084,0,-0.00023
30275,0,0.00023,0,-0.00008,0,0.00023,0,-0.00038,0,-0.00069
30306,0,0.00023,0,-0.00054,0,0.00069,0,-0.00084,0,-0.00023
30338,0,0.00069,0,-0.00054,0,0.00069,0,0.00007,0,-0.00115
30368,0,0.00069,0,-0.00099,0,0.00114,0,0.00053,0,-0.00023
30399,0,0.00069,0,-0.00054,0,0.00069,0,0.00007,0,-0.00069
30430,0,0.00069,0,-0.00054,0,0.00069,0,-0.00130,0,-0.00023
30460,0,0.00023,0,-0.00099,0,-0.00023,0,-0.00084,0,-0.00115
30492,0,0.00023,0,-0.00099,0,-0.00023,0,-0.00038,0,-0.00115
30524,0,0.00023,0,-0.00054,0,-0.00023,0,-0.00038,0,-0.00069
30556,0,0.00114,0,-0.00054,0,0.00023,0,0.00053,0,-0.00023
30586,0,0.00069,0,-0.00099,0,0.00069,0,0.00007,0,-0.00023
30617,0,0.00114,0,-0.00054,0,0.00069,0,-0.00038,0,-0.00023
30649,0,0.00023,0,-0.00008,0,-0.00023,0,-0.00038,0,-0.00069
30681,0,0.00023,0,-0.00008,0,0.00023,0,-0.00084,0,-0.00115
30711,0,-0.00023,0,-0.00054,0,0.00069,0,-0.00038,0,-0.00069
30743,0,-0.00023,0,-0.00054,0,-0.00023,0,-0.00038,0,-0.00069
30776,0,0.00023,0,-0.00054,0,0.00114,0,-0.00038,0,-0.00069
30807,0,0.00023,0,-0.00054,0,0.00069,0,-0.00084,0,-0.00069
30837,0,0.00023,0,-0.00008,0,0.00069,0,-0.00038,0,-0.00115
30869,0,-0.00023,0,-0.00054,0,0.00023,0,-0.00038,0,-0.00115
30901,0,-0.00023,0,-0.00008,0,0.00023,0,0.00007,0,-0.00069
30931,0,-0.00023,0,-0.00099,0,0.00023,0,0.00007,0,-0.00069
30963,0,0.00023,0,-0.00054,0,0.00114,0,0.00007,0,0.00023
30993,0,0.00023,0,-0.00054,0,0.00114,0,-0.00084,0,0.00023
31024,0,0.00023,0,-0.00054,0,0.00069,0,-0.00084,0,-0.00023
31055,0,-0.00023,0,-0.00099,0,-0.00023,0,-0.00084,0,-0.00069
31087,0,0.00023,0,-0.00008,0,0.00023,0,0.00099,0,-0.00023
31118,0,-0.00023,0,-0.00054,0,0.00023,0,0.00007,0,-0.00023
31150,0,-0.00023,0,-0.00099,0,0.00069,0,0.00007,0,-0.00023
31180,0,0.00023,0,-0.00054,0,0.00023,0,0.00053,0,-0.00023
31211,0,0.00023,0,-0.00099,0,0.00023,0,0.00053,0,-0.00023
31242,0,0.00023,0,-0.00054,0,0.00023,0,0.00053,0,-0.00069
31272,0,-0.00023,0,-0.00054,0,0.00023,0,0.00053,0,-0.00115
31303,0,0.00023,0,-0.00008,0,0.00023,0,-0.00038,0,-0.00023
31335,0,0.00023,0,-0.00054,0,0.00069,0,-0.00038,0,-0.00069
31366,0,-0.00023,0,-0.00099,0,0.00069,0,-0.00084,0,0.00023
31397,0,0.00114,0,-0.00054,0,0.00069,0,0.00053,0,0.00023
31427,0,0.00069,0,-0.00054,0,0.00069,0,0.00007,0,0.00053
31458,0,0.00069,0,-0.00054,0,0.00023,0,0.00053,0,-0.00069
31489,0,-0.00023,0,-0.00008,0,0.00023,0,-0.00084,0,-0.00115
31520,0,-0.00023,0,-0.00054,0,0.00023,0,-0.00084,0,-0.00069
31552,0,0.00023,0,-0.00099,0,0.00069,0,-0.00084,0,-0.00023
31583,0,-0.00023,0,-0.00145,0,0.00206,0,-0.00038,0,0.00023
31614,0,0.00114,0,-0.00145,0,0.00069,0,0.00007,0,-0.00069
31645,0,0.00114,0,-0.00054,0,0.00023,0,0.00007,0,-0.00115
31676,0,0.00069,0,-0.00008,0,0.00023,0,-0.00084,0,-0.00115
31707,0,0.00023,0,-0.00008,0,0.00069,0,-0.00084,0,-0.00115
31737,0,0.00023,0,-0.00099,0,0.00114,0,-0.00084,0,-0.00023
31769,0,-0.00023,0,-0.00099,0,0.00069,0,0.00053,0,0.00023
31800,0,0.00023,0,-0.00099,0,0.00160,0,0.00007,0,-0.00023
